first_name,last_name,middle_name,suffix,date_of_birth,gender,registration_id,address,city,state,zip,district_id
Ryker,Bridges,,,2/26/1994,M,9912895,203 3rd Street North,Mesa,CT,29889,OH12
Angelina,Aguirre,,,5/6/1957,F,3171350,3749 Lake Avenue,San Rafael,WI,39985,CA10
Giovanny,Holder,,,8/12/1955,M,8155670,6245 Orchard Street,Sacramento,NC,38931,MN02
Josiah,Benson,,,4/14/1945,M,7430874,3048 1st Street,Sanford,OR,71627,TX23
Lilah,Ritter,D,,4/2/1927,F,4853439,6292 Morris Street,Gilroy,AR,31857,FL27
Maddison,Jordan,,,1/23/1962,F,2468915,5059 Route 29,Sumter,OH,16602,OH12
Paulina,Carter,B,,11/26/1959,F,6279233,6693 Garfield Avenue,Woburn,UT,23583,GA06
Brian,Kelley,,,7/24/1984,M,7008022,7138 Poplar Street,Roy,RI,74538,MN02
Darian,Marsh,,,12/21/1987,M,7779294,9461 Hilltop Road,Huntsville,CO,31095,CA10
Guillermo,Sweeney,,S,8/3/1976,M,7330274,3150 Primrose Lane,Montclair,AR,48041,AZ02
Alisa,Flores,,,6/16/1950,F,6835998,6834 Roberts Road,Manhattan,MT,36386,CA10
Ashlee,Moody,,,8/1/1970,F,6448928,6624 Pine Street,Hartford,KY,30868,AZ02
Rayan,Kramer,,,7/12/1931,M,3302986,5366 3rd Street North,Wheeling,WA,29157,MN02
Haylie,Burton,,,6/23/1960,F,7534278,2347 Canterbury Court,Decatur,ME,82650,TX23
Halle,Trevino,,,3/18/1923,F,2100785,2177 Amherst Street,La Quinta,MT,26899,AZ02
Ryker,Dunlap,H,,10/6/1975,M,9095408,7922 State Street East,Tinley Park,TX,27658,MN02
Paityn,Norris,,,7/20/1932,F,3330181,526 3rd Street North,Attleboro,NH,41438,CA10
London,Holder,,,4/9/1984,F,7197840,1199 Hanover Court,Commerce City,CT,56346,CA10
Ean,Cain,,,1/27/1967,M,3898279,8686 Laurel Drive,Portland,SD,74676,GA06
Kylee,Benson,,,1/25/1938,F,9744148,1120 Union Street,Iowa City,DE,96917,GA06
Sanai,Salazar,,,6/30/1972,F,8358620,5000 White Street,East Lansing,WV,22071,GA06
Paulina,Barajas,,,10/30/1922,F,7560416,8299 Central Avenue,Lansing,MT,49828,MN02
Connor,Stark,,,9/26/1975,M,8741967,3216 14th Street,North Las Vegas,OK,10430,TX23
Margaret,Bridges,P,,4/16/1943,F,4716015,7669 Clay Street,Leominster,NV,81009,FL27
Jerimiah,Holder,,,10/12/1996,M,5698254,5426 Atlantic Avenue,Roseville,DE,46809,OH12
Jamarcus,Trevino,W,,3/11/1971,M,1157467,8687 3rd Street East,Broomfield,KS,59619,CA10
Ricardo,Wang,,,12/14/1946,M,1282942,5563 Canterbury Road,Lewisville,KY,27655,CA10
Preston,Mathis,S,,4/14/1987,M,9359255,8942 Laurel Drive,Tyler,AL,83408,GA06
Alexandria,Cohen,,,6/2/1967,F,1202433,4022 Charles Street,Aventura,CT,41981,TX23
Brisa,Chan,,,11/15/1942,F,8285242,4574 Main Street East,Canton,TX,49157,TX23
Zara,Vance,,,4/27/1955,F,7283424,3931 Orchard Lane,Westminster,IN,99056,FL27
Jason,Archer,,,7/25/1952,M,2513943,5655 Oak Lane,Palo Alto,SC,67305,FL27
Bradyn,Braun,E,,8/30/1999,M,2349979,1626 Route 2,Suffolk,OH,80104,PA10
Maddison,Kirby,,Jr,7/14/2000,F,8909220,6568 Route 30,Mount Pleasant,WI,68647,MN02
April,Gilmore,G,,12/7/1926,F,2579854,8191 5th Street,Pine Bluff,CA,84620,FL27
Ali,Harding,,,11/20/1928,F,7715012,590 Forest Avenue,Plainfield,MO,67002,CA10
Ally,Klein,,,6/13/1969,F,7767997,5361 5th Street,Tampa,OR,35242,MN02
Maya,Mclaughlin,,,6/27/1974,F,3418571,4130 Canterbury Road,Providence,MO,74878,GA06
Kylee,Drake,,,1/8/1997,F,8750385,7726 William Street,Cupertino,AL,10657,MN02
Lorelai,Mclaughlin,,,5/2/1945,F,1161218,9590 Orchard Lane,San Francisco,MI,69583,FL27
Kayleigh,Benitez,,,1/25/1936,F,6535268,4013 Route 2,Keller,UT,23690,FL27
Rylan,Bentley,O,,5/9/1947,M,5878958,6476 Hillside Drive,Carson City,NV,94721,FL27
Meghan,Irwin,R,,8/1/1967,F,6451628,3237 Linden Street,Janesville,IA,21653,AZ02
Ezekiel,Gilmore,,,4/16/1952,M,4727376,8277 Linden Street,Hallandale Beach,AL,86795,TX23
Lucian,Hurley,,,6/25/1946,M,1856055,6714 3rd Street North,Loveland,IN,18081,FL27
Aniyah,Stark,,,4/3/1975,F,9686040,7613 Linden Street,Westerville,DE,48521,CA10
Chris,Randolph,,,9/7/1926,M,1639492,4322 Amherst Street,Castle Rock,AR,69273,FL27
Maci,Bolton,,,11/5/1945,F,4547215,4478 Morris Street,Los Angeles,MI,59619,AZ02
Conner,Weber,,,5/11/1942,M,3944188,2998 North Street,Sandy Springs,GA,15493,OH12
Juliet,Wells,,,8/2/1942,F,3772016,1747 Atlantic Avenue,Lake Havasu City,AL,12085,OH12
Nadia,Irwin,,V,7/11/1935,F,6138961,7168 College Street,Idaho Falls,MD,55343,AZ02
Gloria,Cunningham,,Sr,11/17/1939,F,3944191,8787 Clark Street,Waco,VA,70488,CA10
Paulina,Ferguson,J,,10/5/1957,F,2207245,4844 New Street,East Orange,AK,92639,GA06
Ryker,Ferguson,,,5/20/1965,M,2767548,7758 Fawn Court,Lafayette,NV,98486,PA10
Kailee,Beasley,,,5/7/1927,F,2277655,9195 Willow Drive,Waterloo,NC,88147,TX23
Neil,Owen,H,Jr,1/13/1955,M,8737612,8246 Route 30,Conroe,CA,10603,TX23
Monique,David,,,1/31/1940,F,1070700,3758 Hamilton Street,Bozeman,IL,63736,CA10
German,Fuller,D,,8/20/1965,M,2771416,3950 Roberts Road,Norwalk,WI,63392,FL27
Rose,Kelley,,Jr,2/10/1975,F,8548011,9991 Pin Oak Drive,Bowie,MI,83891,OH12
Ali,Cherry,,,10/8/1971,F,6201404,606 Route 2,Lawrence,CT,32319,AZ02
Zavier,Schroeder,,Sr,3/14/1978,M,8031855,8515 Hilltop Road,Porterville,WI,99135,AZ02
Lincoln,Rivera,,,7/15/1984,M,1630238,6803 Victoria Court,Schaumburg,IA,20125,MN02
Alexis,Chan,,,6/9/1935,F,5512940,369 Hillcrest Avenue,Altamonte Springs,MN,37641,MN02
Izabella,Cunningham,,,7/12/1968,F,1202877,9117 Strawberry Lane,Friendswood,TX,79064,TX23
Destiney,Beasley,,,6/24/1956,F,8783427,1611 Spruce Avenue,Auburn,AK,85293,GA06
Emmett,Atkins,,,5/1/1940,M,8880611,9922 Oxford Road,Fargo,SC,73170,TX23
Fatima,Dillon,,,10/18/1939,F,5419794,3882 College Street,Renton,ID,60600,AZ02
Byron,Chambers,,,8/8/1954,M,4298818,310 Cemetery Road,Walnut Creek,IN,47738,MN02
Paityn,Mcpherson,,,3/11/1953,F,2496607,5051 Pin Oak Drive,Farmington,WV,29177,PA10
Jane,Fitzpatrick,,,1/6/1988,F,8756003,1901 3rd Street East,Yucaipa,MD,31337,OH12
Monique,Mayo,,,8/12/1960,F,2237487,7627 Canterbury Road,Pomona,OH,23043,MN02
Conrad,Bates,,,12/28/1930,M,3816279,9753 Hudson Street,Taylor,TX,91066,TX23
London,Dixon,,,4/10/1956,F,1603459,8518 2nd Avenue,Hoboken,ND,52689,FL27
Monique,Atkins,P,,12/24/1959,F,3910756,4317 Forest Avenue,Wichita,ME,24292,CA10
Alexis,Trevino,A,,9/10/1963,F,9081623,1692 6th Street,Draper,HI,14746,MN02
Lorelai,Kirby,A,,5/29/1977,F,1195372,3200 Cottage Street,Lakeland,DC,49859,GA06
Alexis,Trevino,G,,12/6/1989,F,1668478,5539 Linda Lane,Florissant,MT,75191,TX23
Hayden,Braun,,,8/12/1996,F,8763526,3551 Manor Drive,Lawrence,KY,78667,PA10
Layton,Mcclure,,III,9/5/1975,M,5242460,9066 3rd Street North,Everett,FL,67257,TX23
Isaias,Carter,,Sr,9/22/1943,M,2121444,3147 Willow Drive,Roseville,ID,87649,CA10
Makenna,Chan,,,6/6/1933,F,1189182,5724 Meadow Street,Springfield,ID,24722,GA06
Margaret,Cain,E,,2/8/1966,F,7612518,2663 High Street,Royal Oak,MT,62456,MN02
Aniya,Owen,,,4/19/1989,F,4280572,340 5th Street East,Oshkosh,MO,34830,PA10
Serena,Gibbs,,,1/20/1937,F,2223956,3204 Forest Avenue,Burleson,GA,32655,GA06
Destiney,Irwin,,,7/19/1931,F,9415544,3655 Oxford Road,Winter Garden,OH,90991,TX23
Luna,Chan,N,,4/21/1996,F,2924853,2023 14th Street,Orlando,VA,78916,FL27
Maddison,Cherry,,,3/31/1972,F,6905030,67 Manor Drive,Coral Gables,OK,13371,FL27
Destiney,Beasley,,,11/9/1966,F,8369425,5281 3rd Street North,Lake Charles,KS,84537,CA10
Zara,Ferguson,,,6/6/1930,F,9528145,7532 White Street,Sioux Falls,SC,15728,FL27
Isis,Henderson,W,III,9/8/1955,F,2452410,9916 Woodland Road,Lincoln Park,WA,63674,MN02
Amanda,Gould,,,9/15/1966,F,9598972,4081 14th Street,Daly City,IN,79218,GA06
Tanya,Cain,,Sr,1/4/1991,F,3825754,7035 Oak Lane,Victorville,MT,75917,FL27
Lia,Owen,,,11/17/1984,F,8764862,3132 State Street East,Torrance,NY,38484,TX23
Karma,Moody,V,,12/15/1991,F,3076492,6808 Linda Lane,McKinney,WI,61258,OH12
Valerie,David,,,2/5/1934,F,8207383,9633 Canterbury Court,Upland,PA,42109,FL27
Mercedes,Kramer,,,9/25/1982,F,1825317,9533 College Street,Redding,KS,81097,MN02
Brian,Ashley,,,9/29/1941,M,3335954,1204 High Street,Cedar Hill,SC,18469,OH12
Paola,Garrison,,,8/15/1937,F,4533656,9534 Willow Drive,Evanston,VT,69763,AZ02
Marely,Mathis,,,4/6/1946,F,9951941,2670 Spruce Avenue,Beaumont,VT,19157,GA06
Jett,Owen,,,2/4/1983,M,1304121,7606 Forest Avenue,Hutchinson,VA,56972,CA10